{"e": 0.101781, "a": 0.088512, "i": 0.074133, "s": 0.072535, "r": 0.071644, "n": 0.06054, "o": 0.060073, "l": 0.05604, "t": 0.055908, "u": 0.043768, "d": 0.039034, "c": 0.03852, "m": 0.032091, "p": 0.029529, "h": 0.029186, "g": 0.028068, "b": 0.025061, "y": 0.023786, "k": 0.01696, "f": 0.014527, "w": 0.013404, "v": 0.010354, "z": 0.004822, "j": 0.003886, "x": 0.003817, "q": 0.00202}