{"e": 0.120323, "a": 0.104319, "o": 0.078511, "n": 0.072491, "s": 0.070199, "r": 0.06599, "l": 0.062163, "i": 0.060883, "d": 0.053875, "t": 0.048093, "c": 0.046223, "u": 0.040789, "m": 0.029855, "p": 0.02755, "b": 0.015363, "g": 0.0149, "f": 0.011105, "v": 0.010827, "y": 0.010265, "h": 0.009647, "ó": 0.008405, "q": 0.006136, "í": 0.005438, "j": 0.004992, "z": 0.004446, "á": 0.004028, "é": 0.003467, "x": 0.002579, "k": 0.002215, "ñ": 0.002033, "w": 0.001484, "ú": 0.001317, "ü": 8.5e-05}